id_egresso,meses_desde_formacao,nivel_cargo,renda_mensal_estimada,area_atuacao,bolsista_graduacao,engajamento_alumni_score,potencial_matricula_pos
1,108,SÍnior,9857.87,Tecnologia,0,42,1
2,57,Pleno,6249.68,Exatas,1,6,0
3,98,Gest„o,16502.8,Humanas,1,0,1
4,20,Jķnior,3139.49,Exatas,0,60,0
5,112,SÍnior,13468.05,Exatas,1,13,1
6,77,SÍnior,9107.82,Tecnologia,0,51,0
7,66,Gest„o,15452.51,Biolůgicas,0,95,1
8,26,Pleno,5562.22,Tecnologia,0,5,0
9,108,Gest„o,15299.65,Exatas,0,9,0
10,88,Gest„o,15357.0,Biolůgicas,0,70,1
11,92,Pleno,5173.58,Biolůgicas,0,89,0
12,80,Pleno,7252.7,Exatas,0,97,1
13,80,SÍnior,10452.9,Humanas,1,29,1
14,93,SÍnior,11163.57,Biolůgicas,0,99,1
15,105,SÍnior,10565.17,Biolůgicas,0,20,1
16,109,SÍnior,10309.12,Exatas,0,59,1
17,29,Pleno,8172.28,Tecnologia,1,80,0
18,8,Jķnior,4422.93,Tecnologia,0,96,0
19,27,Pleno,4631.8,Tecnologia,0,73,0
20,58,Pleno,4525.86,Exatas,1,62,0
21,7,Jķnior,4542.61,Tecnologia,0,41,0
22,93,SÍnior,10480.15,Humanas,0,50,0
23,113,Pleno,4850.92,Tecnologia,1,63,0
24,35,Pleno,7545.74,Tecnologia,0,75,0
25,43,Pleno,6669.12,Biolůgicas,0,55,0
26,7,Pleno,6751.57,Exatas,0,79,0
27,69,SÍnior,11809.54,Tecnologia,0,40,1
28,65,Gest„o,14690.02,Biolůgicas,0,31,1
29,26,Pleno,4868.5,Tecnologia,0,14,0
30,38,Pleno,8080.95,Humanas,0,61,0
31,81,Gest„o,14562.83,Humanas,0,26,1
32,63,SÍnior,9777.76,Tecnologia,1,27,0
33,27,Pleno,5477.56,Biolůgicas,0,80,0
34,113,Pleno,8579.95,Exatas,0,63,1
35,94,SÍnior,11493.38,Exatas,1,58,1
36,54,Pleno,7465.41,Tecnologia,1,57,1
37,96,SÍnior,11196.17,Tecnologia,0,1,0
38,64,Gest„o,15398.11,Biolůgicas,1,35,1
39,47,Jķnior,4131.29,Tecnologia,0,70,0
40,97,SÍnior,9443.38,Exatas,0,12,0
41,65,SÍnior,9904.72,Exatas,1,14,0
42,85,Pleno,7232.98,Exatas,0,88,1
43,20,Jķnior,2142.74,Tecnologia,0,86,0
44,67,SÍnior,10810.92,Tecnologia,0,59,0
45,67,SÍnior,10856.49,Humanas,0,21,0
46,52,Jķnior,2971.34,Tecnologia,0,62,0
47,67,SÍnior,9048.88,Tecnologia,1,89,1
48,56,Jķnior,2871.07,Tecnologia,0,96,1
49,113,Gest„o,15175.03,Exatas,1,74,1
50,60,Pleno,6661.44,Biolůgicas,0,73,1
51,69,SÍnior,11110.49,Tecnologia,1,24,0
52,8,Pleno,6877.96,Tecnologia,1,100,0
53,106,SÍnior,10324.01,Tecnologia,1,47,1
54,56,SÍnior,11522.78,Humanas,0,42,0
55,12,Jķnior,2000.0,Humanas,0,37,0
56,26,Pleno,4678.1,Exatas,0,40,0
57,78,SÍnior,8664.43,Humanas,1,44,0
58,44,Pleno,6000.7,Humanas,1,87,0
59,23,Jķnior,2746.7,Biolůgicas,0,39,0
60,9,Jķnior,4289.32,Biolůgicas,0,96,0
61,94,Pleno,5851.34,Tecnologia,0,16,0
62,65,SÍnior,11273.38,Tecnologia,1,87,1
63,19,Pleno,7313.3,Tecnologia,0,100,0
64,119,Gest„o,15313.68,Tecnologia,1,56,1
65,14,Jķnior,3798.05,Biolůgicas,1,1,0
66,95,Gest„o,17001.93,Exatas,0,95,1
67,58,Pleno,5261.84,Tecnologia,0,61,0
68,7,Jķnior,3524.85,Humanas,0,87,0
69,89,Pleno,5817.97,Exatas,0,8,0
70,97,Gest„o,14825.51,Tecnologia,0,67,1
71,116,Pleno,4963.55,Tecnologia,0,80,1
72,65,SÍnior,9809.35,Exatas,1,16,0
73,76,Gest„o,16060.03,Humanas,0,49,1
74,49,Jķnior,2000.0,Tecnologia,0,93,0
75,13,Jķnior,2949.27,Tecnologia,1,39,0
76,52,Pleno,7313.19,Exatas,1,57,0
77,40,Pleno,6949.01,Tecnologia,0,74,0
78,83,SÍnior,10469.49,Humanas,0,84,1
79,86,SÍnior,12689.69,Exatas,0,20,0
80,41,Pleno,8393.04,Tecnologia,1,17,0
81,55,Pleno,6526.12,Biolůgicas,1,54,0
82,109,SÍnior,8531.46,Humanas,1,28,1
83,9,Jķnior,4386.45,Tecnologia,0,23,0
84,7,Jķnior,2000.0,Exatas,1,73,0
85,11,Jķnior,4976.15,Humanas,0,16,0
86,59,Pleno,7583.58,Humanas,0,17,0
87,111,SÍnior,12774.21,Tecnologia,0,41,1
88,9,Jķnior,3760.27,Biolůgicas,0,83,0
89,59,SÍnior,10638.61,Exatas,0,100,1
90,98,SÍnior,10549.9,Tecnologia,1,44,0
91,68,SÍnior,10453.74,Tecnologia,1,81,1
92,23,Jķnior,4481.07,Tecnologia,0,16,0
93,95,SÍnior,11712.27,Biolůgicas,0,72,1
94,49,SÍnior,11120.23,Tecnologia,0,13,0
95,39,Jķnior,2777.82,Tecnologia,0,48,0
96,79,SÍnior,13629.21,Biolůgicas,0,28,1
97,67,SÍnior,11912.37,Tecnologia,1,94,1
98,105,SÍnior,9402.29,Tecnologia,0,3,0
99,19,Pleno,5983.74,Tecnologia,0,81,0
100,100,Pleno,7431.78,Tecnologia,0,19,0
101,53,SÍnior,10200.46,Tecnologia,1,46,0
102,20,Jķnior,3851.55,Humanas,1,8,0
103,77,Gest„o,16950.8,Tecnologia,1,76,1
104,83,Pleno,3111.57,Tecnologia,1,78,0
105,92,Pleno,6391.96,Humanas,0,26,0
106,67,SÍnior,10931.21,Humanas,0,14,0
107,45,SÍnior,10587.93,Exatas,1,91,0
108,90,Gest„o,16301.7,Exatas,0,100,1
109,85,SÍnior,11657.52,Tecnologia,0,18,1
110,114,Gest„o,16142.05,Exatas,0,89,1
111,87,Pleno,6126.17,Exatas,0,51,0
112,116,Gest„o,16632.62,Tecnologia,0,25,1
113,58,Pleno,6549.05,Biolůgicas,0,88,0
114,29,Pleno,6269.3,Tecnologia,1,25,0
115,31,SÍnior,9687.72,Humanas,0,25,0
116,94,Gest„o,14437.35,Tecnologia,0,45,1
117,65,SÍnior,9668.77,Humanas,0,91,0
118,114,SÍnior,11278.33,Humanas,0,48,1
119,46,SÍnior,10920.92,Biolůgicas,0,81,0
120,34,Pleno,5019.72,Tecnologia,0,95,0
121,20,Pleno,7145.92,Exatas,0,52,0
122,50,Pleno,7874.31,Exatas,0,2,0
123,70,Pleno,5901.51,Humanas,0,65,0
124,94,Gest„o,14259.02,Exatas,0,96,1
125,76,SÍnior,10290.87,Exatas,0,41,1
126,14,Jķnior,4354.46,Exatas,0,18,0
127,93,Gest„o,16548.53,Tecnologia,0,16,1
128,6,Jķnior,2577.57,Exatas,1,32,0
129,113,SÍnior,12521.17,Tecnologia,0,75,1
130,13,Pleno,7848.28,Biolůgicas,0,48,0
131,93,SÍnior,10266.99,Humanas,0,55,0
132,68,SÍnior,10256.71,Biolůgicas,1,62,1
133,16,Jķnior,2907.17,Tecnologia,1,2,0
134,86,SÍnior,10492.67,Biolůgicas,1,48,1
135,13,Jķnior,4450.54,Biolůgicas,1,54,0
136,40,Pleno,6925.33,Humanas,0,25,0
137,40,Pleno,7377.08,Humanas,1,98,0
138,38,Pleno,7173.57,Tecnologia,0,71,0
139,10,Jķnior,5214.53,Biolůgicas,0,51,0
140,111,Pleno,5440.61,Exatas,0,99,1
141,108,Pleno,6880.36,Tecnologia,0,6,0
142,46,Jķnior,2000.0,Tecnologia,1,45,0
143,33,Pleno,5183.04,Biolůgicas,0,45,0
144,12,Jķnior,3425.15,Biolůgicas,1,99,0
145,78,Gest„o,16418.21,Biolůgicas,0,15,1
146,77,Pleno,6398.18,Humanas,0,23,0
147,17,Pleno,5932.81,Tecnologia,0,60,0
148,39,Pleno,6110.58,Tecnologia,0,53,0
149,38,Pleno,7869.44,Tecnologia,1,61,0
150,53,SÍnior,10615.97,Tecnologia,0,0,0
151,28,SÍnior,12749.24,Tecnologia,0,48,0
152,67,SÍnior,11794.02,Tecnologia,1,24,1
153,93,SÍnior,11457.54,Exatas,0,9,0
154,42,SÍnior,9806.4,Biolůgicas,1,79,1
155,104,Gest„o,16935.24,Exatas,0,15,1
156,49,Jķnior,3006.23,Biolůgicas,0,57,0
157,109,Gest„o,14805.56,Humanas,0,71,1
158,91,Gest„o,16512.84,Tecnologia,0,28,0
159,96,Gest„o,14612.05,Tecnologia,0,91,1
160,40,Pleno,5737.76,Tecnologia,1,5,0
161,70,Gest„o,15989.88,Tecnologia,1,15,1
162,104,Pleno,8718.42,Humanas,1,19,0
163,106,SÍnior,10313.08,Tecnologia,0,79,1
164,52,Pleno,6041.78,Tecnologia,0,70,0
165,83,Gest„o,16732.35,Tecnologia,0,77,1
166,8,Jķnior,2261.7,Biolůgicas,0,42,0
167,6,Jķnior,3942.81,Humanas,1,25,0
168,10,Jķnior,4705.93,Humanas,0,89,1
169,95,SÍnior,10692.91,Tecnologia,0,77,1
170,19,Jķnior,4526.15,Humanas,0,70,0
171,108,Gest„o,16291.45,Humanas,1,32,0
172,32,Pleno,5769.32,Humanas,0,25,0
173,14,Jķnior,3302.2,Biolůgicas,0,44,0
174,84,SÍnior,10620.24,Tecnologia,0,83,0
175,20,Jķnior,3412.36,Biolůgicas,0,62,0
176,95,SÍnior,11152.72,Biolůgicas,0,66,1
177,47,Pleno,7088.2,Tecnologia,0,51,0
178,82,SÍnior,11508.67,Exatas,1,67,1
179,56,Jķnior,2000.0,Biolůgicas,0,25,0
180,68,SÍnior,10902.69,Tecnologia,1,74,1
181,101,SÍnior,9490.58,Exatas,1,1,0
182,108,SÍnior,10724.27,Biolůgicas,1,13,0
183,118,SÍnior,10876.21,Exatas,0,29,0
184,57,Pleno,7476.15,Tecnologia,0,48,0
185,101,SÍnior,10969.88,Exatas,1,11,0
186,9,Jķnior,3759.22,Tecnologia,1,89,0
187,99,Gest„o,16793.06,Exatas,0,43,1
188,106,SÍnior,12227.75,Tecnologia,1,32,0
189,28,Pleno,6376.99,Humanas,0,12,0
190,108,SÍnior,11094.18,Exatas,0,77,1
191,114,Gest„o,16010.02,Humanas,0,87,1
192,20,Jķnior,2957.4,Humanas,0,97,0
193,48,Pleno,5730.88,Exatas,0,25,0
194,34,Pleno,4228.11,Humanas,1,20,0
195,41,Jķnior,2423.34,Tecnologia,0,27,0
196,18,Jķnior,2000.0,Exatas,0,47,0
197,37,Pleno,7755.2,Tecnologia,0,99,1
198,76,SÍnior,11188.42,Biolůgicas,0,39,1
199,64,Gest„o,15874.06,Tecnologia,0,65,0
200,91,Pleno,5782.51,Exatas,1,72,1
201,33,Pleno,6529.78,Humanas,1,86,0
202,71,SÍnior,10152.02,Exatas,1,78,1
203,47,Pleno,6674.02,Tecnologia,1,76,0
204,50,Pleno,6745.73,Exatas,0,22,0
205,67,SÍnior,10138.62,Humanas,0,80,1
206,62,SÍnior,10119.54,Humanas,0,47,0
207,11,Jķnior,4462.2,Tecnologia,0,1,0
208,33,Pleno,6447.14,Exatas,1,83,0
209,33,Pleno,5718.98,Exatas,0,19,0
210,113,Pleno,6129.49,Humanas,0,58,0
211,49,Pleno,5489.41,Exatas,1,45,0
212,89,SÍnior,10932.82,Exatas,1,2,0
213,35,Pleno,7331.63,Tecnologia,1,54,0
214,67,SÍnior,10972.33,Tecnologia,0,11,1
215,80,Gest„o,18363.63,Tecnologia,0,39,0
216,97,Gest„o,16421.36,Tecnologia,0,65,1
217,94,SÍnior,11229.95,Exatas,0,99,1
218,108,SÍnior,10091.7,Humanas,0,77,1
219,67,SÍnior,10761.47,Tecnologia,0,15,0
220,102,SÍnior,10220.99,Biolůgicas,1,82,1
221,6,Jķnior,2000.0,Tecnologia,0,33,0
222,32,SÍnior,11974.26,Humanas,1,43,0
223,67,Pleno,5988.55,Humanas,1,5,0
224,82,Pleno,5739.6,Tecnologia,0,76,1
225,110,SÍnior,11210.57,Tecnologia,1,63,1
226,8,Jķnior,4012.5,Humanas,0,99,0
227,108,SÍnior,10679.23,Tecnologia,0,21,0
228,75,Pleno,6497.4,Biolůgicas,1,17,0
229,77,Gest„o,16746.19,Exatas,0,11,0
230,32,Pleno,6139.81,Biolůgicas,1,51,0
231,14,Jķnior,3802.33,Tecnologia,0,93,0
232,67,SÍnior,9340.76,Humanas,0,50,1
233,42,Pleno,5258.68,Humanas,0,70,0
234,102,SÍnior,11605.54,Humanas,0,95,1
235,56,Jķnior,2206.44,Tecnologia,0,47,0
236,111,Pleno,6734.14,Humanas,1,18,0
237,49,Jķnior,3353.0,Exatas,1,5,0
238,29,SÍnior,10635.53,Humanas,1,83,0
239,84,Gest„o,15171.54,Tecnologia,0,26,1
240,64,Pleno,7409.34,Biolůgicas,1,52,0
241,37,Pleno,8229.89,Tecnologia,1,100,1
242,101,Pleno,6800.19,Biolůgicas,1,47,0
243,93,Pleno,6822.49,Biolůgicas,0,6,0
244,110,Gest„o,15317.67,Biolůgicas,1,58,1
245,57,Pleno,5303.9,Exatas,1,68,0
246,118,SÍnior,10960.26,Exatas,0,10,0
247,67,SÍnior,10026.25,Biolůgicas,1,14,0
248,118,SÍnior,9227.39,Tecnologia,0,63,1
249,63,SÍnior,11803.45,Exatas,0,2,0
250,57,Pleno,7352.17,Humanas,0,68,1
251,17,Jķnior,2641.16,Humanas,0,22,0
252,44,Pleno,6743.96,Tecnologia,0,52,0
253,7,Jķnior,4501.95,Humanas,1,36,0
254,8,Jķnior,3705.03,Biolůgicas,0,8,0
255,118,SÍnior,9806.85,Tecnologia,1,14,0
256,106,Gest„o,15767.11,Biolůgicas,1,2,1
257,118,Gest„o,17326.81,Tecnologia,0,92,1
258,61,SÍnior,11247.03,Tecnologia,1,69,1
259,86,SÍnior,11539.13,Tecnologia,1,16,1
260,64,Gest„o,16341.63,Tecnologia,1,25,1
261,118,SÍnior,10144.49,Biolůgicas,1,20,0
262,7,Jķnior,2879.15,Tecnologia,1,71,0
263,7,Pleno,6838.87,Exatas,1,20,0
264,97,SÍnior,11816.87,Tecnologia,0,10,0
265,59,Pleno,7599.9,Exatas,1,37,0
266,92,Pleno,5641.89,Exatas,1,71,0
267,106,Pleno,6933.12,Tecnologia,0,87,1
268,101,SÍnior,12187.04,Tecnologia,0,34,1
269,102,Gest„o,15012.92,Biolůgicas,1,13,1
270,6,Jķnior,4986.75,Tecnologia,0,13,0
271,24,Pleno,8138.94,Exatas,1,9,0
272,7,Jķnior,6125.09,Tecnologia,0,11,0
273,58,Pleno,6730.93,Humanas,0,37,0
274,49,SÍnior,11236.42,Tecnologia,0,33,0
275,95,SÍnior,11826.99,Exatas,0,40,1
276,37,Pleno,7297.8,Tecnologia,1,9,0
277,75,Gest„o,17126.37,Biolůgicas,1,16,0
278,37,Pleno,7284.03,Tecnologia,1,16,0
279,73,Pleno,6393.94,Humanas,0,66,0
280,60,SÍnior,12222.0,Exatas,0,61,1
281,80,SÍnior,9928.75,Tecnologia,1,94,1
282,61,SÍnior,11005.85,Humanas,1,0,0
283,22,Jķnior,5063.74,Tecnologia,0,11,0
284,43,Pleno,5249.75,Biolůgicas,0,3,0
285,29,Pleno,5822.52,Biolůgicas,0,41,0
286,74,SÍnior,11671.75,Biolůgicas,1,12,0
287,103,SÍnior,11393.91,Tecnologia,1,97,1
288,75,SÍnior,10124.97,Humanas,0,84,1
289,91,Gest„o,15583.81,Exatas,0,85,1
290,16,Jķnior,2319.22,Biolůgicas,1,3,0
291,117,SÍnior,11980.48,Humanas,0,81,1
292,21,Jķnior,3244.12,Biolůgicas,0,68,0
293,102,SÍnior,12792.16,Exatas,0,18,0
294,78,SÍnior,11081.1,Exatas,0,1,1
295,64,SÍnior,10780.26,Tecnologia,0,11,0
296,75,SÍnior,10683.18,Humanas,1,80,1
297,85,Gest„o,15755.8,Exatas,1,73,1
298,98,Pleno,6610.82,Exatas,1,97,1
299,8,Jķnior,6012.41,Humanas,1,5,0
300,25,Jķnior,3161.14,Exatas,0,7,0
301,64,Gest„o,15693.65,Tecnologia,1,50,1
302,41,Pleno,6565.59,Exatas,0,10,0
303,24,SÍnior,12090.27,Exatas,1,62,0
304,95,SÍnior,9579.02,Exatas,1,56,0
305,72,Gest„o,16455.09,Tecnologia,0,11,1
306,24,SÍnior,10182.57,Tecnologia,0,72,1
307,25,SÍnior,11553.27,Tecnologia,0,1,0
308,101,Gest„o,15506.24,Humanas,0,7,0
309,76,SÍnior,8695.9,Tecnologia,0,10,0
310,57,Pleno,6869.58,Exatas,1,52,0
311,110,SÍnior,11361.14,Biolůgicas,1,99,1
312,38,Jķnior,2920.92,Tecnologia,0,9,0
313,45,Pleno,5861.66,Exatas,0,84,1
314,44,Pleno,5188.63,Humanas,0,83,0
315,87,SÍnior,11773.1,Biolůgicas,1,7,0
316,109,SÍnior,11882.22,Humanas,0,35,1
317,6,Pleno,5620.95,Humanas,0,92,0
318,16,Jķnior,2960.07,Biolůgicas,0,75,0
319,97,Gest„o,15936.71,Exatas,0,13,0
320,62,Gest„o,18270.87,Biolůgicas,0,53,1
321,94,Gest„o,16545.12,Tecnologia,1,84,1
322,55,Pleno,5556.58,Biolůgicas,0,85,0
323,28,SÍnior,11303.78,Exatas,1,20,0
324,36,SÍnior,9623.31,Exatas,0,49,0
325,99,Gest„o,16717.99,Tecnologia,1,93,1
326,47,Jķnior,5175.55,Humanas,1,38,0
327,104,SÍnior,12679.79,Tecnologia,0,19,1
328,12,Jķnior,4234.89,Biolůgicas,0,87,1
329,21,Jķnior,2916.59,Biolůgicas,0,86,0
330,95,SÍnior,9699.1,Tecnologia,1,6,0
331,117,Gest„o,14599.79,Biolůgicas,0,8,1
332,65,Gest„o,13193.78,Humanas,1,0,0
333,118,Pleno,7193.86,Humanas,0,25,1
334,7,Pleno,6397.16,Tecnologia,1,37,0
335,6,Jķnior,4409.22,Tecnologia,1,37,0
336,53,Pleno,7928.03,Tecnologia,1,60,0
337,17,Pleno,6599.91,Tecnologia,0,43,0
338,74,SÍnior,11145.96,Biolůgicas,0,85,1
339,42,Pleno,6035.68,Tecnologia,1,43,0
340,37,SÍnior,10653.92,Biolůgicas,0,73,1
341,14,Jķnior,4228.47,Tecnologia,0,61,0
342,110,Pleno,6325.62,Exatas,0,5,0
343,104,Gest„o,15680.99,Humanas,0,16,1
344,24,Pleno,6481.68,Biolůgicas,0,50,0
345,53,Pleno,7386.33,Tecnologia,0,37,0
346,85,SÍnior,10307.34,Exatas,0,23,0
347,8,Pleno,6433.47,Exatas,1,50,0
348,25,Pleno,6745.28,Tecnologia,1,9,0
349,29,SÍnior,12160.22,Tecnologia,1,71,1
350,59,Pleno,6260.7,Exatas,1,20,0
351,38,Jķnior,2782.18,Exatas,0,69,0
352,29,Pleno,6015.64,Humanas,0,84,0
353,80,Gest„o,17053.06,Tecnologia,0,56,1
354,118,SÍnior,13033.31,Exatas,0,38,1
355,77,Pleno,5186.24,Exatas,1,87,1
356,41,Pleno,5404.7,Humanas,0,32,0
357,43,Pleno,6331.2,Biolůgicas,0,58,0
358,109,Gest„o,16110.96,Exatas,0,17,1
359,89,SÍnior,11786.97,Humanas,0,55,0
360,104,SÍnior,10108.87,Tecnologia,1,91,1
361,117,SÍnior,9936.89,Exatas,0,56,0
362,94,SÍnior,11138.09,Tecnologia,1,95,1
363,104,SÍnior,10741.6,Exatas,0,75,1
364,30,Jķnior,4426.72,Humanas,0,47,0
365,98,Gest„o,16487.36,Biolůgicas,1,41,1
366,23,Jķnior,4055.38,Tecnologia,0,26,0
367,115,SÍnior,10895.52,Humanas,1,73,1
368,87,Gest„o,18355.58,Exatas,1,51,1
369,71,SÍnior,10162.25,Tecnologia,1,41,1
370,59,SÍnior,11610.81,Tecnologia,1,31,1
371,40,Pleno,5230.31,Tecnologia,0,25,0
372,85,Pleno,5426.53,Tecnologia,1,24,0
373,66,SÍnior,10392.65,Tecnologia,0,74,0
374,46,Pleno,8129.32,Tecnologia,1,22,0
375,105,Gest„o,16263.89,Tecnologia,1,97,1
376,38,Jķnior,2909.52,Humanas,1,56,0
377,73,Pleno,6874.44,Exatas,1,51,0
378,38,Pleno,6535.15,Biolůgicas,0,86,0
379,19,Jķnior,3008.03,Exatas,1,92,0
380,26,Pleno,5103.37,Humanas,1,30,0
381,53,Pleno,7938.54,Biolůgicas,1,63,1
382,25,Pleno,6709.82,Humanas,1,70,0
383,13,Jķnior,5673.74,Exatas,0,32,0
384,12,Jķnior,4440.32,Humanas,0,84,0
385,72,Gest„o,16551.32,Tecnologia,0,1,1
386,22,Jķnior,3064.8,Tecnologia,1,17,0
387,38,Pleno,5404.65,Exatas,0,46,0
388,53,Pleno,6282.27,Exatas,0,32,0
389,81,SÍnior,9875.71,Tecnologia,0,100,1
390,64,Gest„o,16650.19,Biolůgicas,1,97,1
391,91,Pleno,8132.65,Humanas,0,83,1
392,27,Jķnior,3239.09,Exatas,0,34,0
393,115,Gest„o,16944.49,Biolůgicas,0,50,1
394,35,Jķnior,2810.77,Exatas,0,17,0
395,43,SÍnior,10697.53,Biolůgicas,0,87,1
396,107,SÍnior,10185.04,Exatas,0,71,1
397,114,Gest„o,13866.87,Tecnologia,0,29,1
398,56,Pleno,6463.47,Humanas,1,43,0
399,59,Pleno,6628.45,Humanas,1,52,0
400,13,Pleno,7565.86,Humanas,0,9,0
401,32,Pleno,7295.44,Biolůgicas,1,86,1
402,32,SÍnior,11808.95,Humanas,0,51,0
403,103,Pleno,5525.96,Humanas,1,48,0
404,26,Pleno,6959.5,Biolůgicas,1,10,0
405,35,Pleno,8082.59,Humanas,0,65,0
406,102,SÍnior,11379.87,Exatas,0,57,1
407,33,Jķnior,5328.59,Biolůgicas,0,89,0
408,116,Gest„o,18018.97,Tecnologia,0,35,1
409,69,Gest„o,15731.53,Humanas,1,32,0
410,102,Gest„o,15303.06,Biolůgicas,0,46,1
411,74,Pleno,5738.54,Humanas,0,12,0
412,66,SÍnior,9483.86,Humanas,0,39,0
413,53,Pleno,5981.6,Humanas,0,88,1
414,24,Pleno,7707.67,Exatas,0,67,0
415,9,Jķnior,2000.0,Biolůgicas,0,41,0
416,40,Pleno,5462.55,Tecnologia,1,18,0
417,69,Gest„o,15872.87,Tecnologia,0,81,1
418,54,Pleno,5622.81,Tecnologia,0,100,0
419,22,Jķnior,2972.71,Exatas,1,93,0
420,49,Jķnior,2987.67,Exatas,0,18,0
421,97,Pleno,6242.46,Biolůgicas,1,57,0
422,35,Jķnior,2770.55,Exatas,1,22,0
423,98,Gest„o,15188.79,Exatas,0,53,1
424,51,Jķnior,4434.31,Tecnologia,0,79,0
425,11,Jķnior,4549.65,Exatas,0,64,0
426,104,SÍnior,9619.46,Humanas,0,11,0
427,110,Gest„o,13240.4,Tecnologia,0,23,1
428,42,SÍnior,12063.37,Tecnologia,0,33,0
429,29,Pleno,5271.2,Tecnologia,0,52,0
430,98,SÍnior,11212.74,Tecnologia,0,7,1
431,118,SÍnior,9434.33,Exatas,1,17,0
432,51,Jķnior,4797.75,Tecnologia,0,56,0
433,58,SÍnior,13543.67,Humanas,0,4,0
434,100,Gest„o,16182.81,Biolůgicas,0,25,1
435,104,SÍnior,10905.9,Exatas,1,29,1
436,65,Gest„o,15677.86,Biolůgicas,0,53,1
437,102,Gest„o,16781.8,Exatas,1,12,0
438,68,SÍnior,11567.69,Exatas,0,82,1
439,90,Gest„o,17003.5,Biolůgicas,1,28,0
440,37,SÍnior,10372.08,Tecnologia,0,2,0
441,92,SÍnior,11340.12,Biolůgicas,0,89,1
442,38,Pleno,5957.53,Tecnologia,0,57,0
443,72,Pleno,5442.28,Exatas,0,75,0
444,23,Jķnior,3458.98,Tecnologia,0,1,0
445,30,Jķnior,2577.49,Humanas,0,74,0
446,111,SÍnior,12173.73,Humanas,1,27,1
447,100,Gest„o,15138.08,Humanas,1,81,1
448,59,Pleno,6863.55,Tecnologia,0,76,1
449,63,SÍnior,10396.58,Tecnologia,0,100,1
450,72,SÍnior,11277.06,Tecnologia,0,85,1
451,109,Pleno,5976.0,Tecnologia,1,75,0
452,51,Pleno,5242.79,Biolůgicas,0,1,0
453,29,Jķnior,3983.77,Tecnologia,1,100,0
454,119,Pleno,6264.58,Biolůgicas,0,6,0
455,37,Pleno,6785.98,Biolůgicas,0,25,0
456,52,Pleno,6071.16,Tecnologia,1,89,0
457,91,Gest„o,14672.06,Humanas,1,87,1
458,28,Jķnior,4583.18,Tecnologia,0,75,0
459,71,SÍnior,11736.76,Tecnologia,0,15,0
460,32,Pleno,5933.04,Tecnologia,1,22,0
461,111,SÍnior,11069.78,Exatas,0,39,0
462,7,Jķnior,4542.02,Exatas,1,59,0
463,95,SÍnior,10542.96,Exatas,0,72,1
464,22,Jķnior,3198.12,Exatas,1,31,0
465,109,SÍnior,11243.63,Tecnologia,1,14,0
466,38,SÍnior,10540.91,Humanas,0,100,1
467,14,Jķnior,4357.09,Humanas,1,12,0
468,48,Pleno,6331.1,Tecnologia,0,4,0
469,53,Pleno,5715.96,Tecnologia,0,74,0
470,44,Pleno,7108.64,Humanas,0,73,0
471,98,Gest„o,14857.87,Tecnologia,0,51,0
472,47,Pleno,8514.88,Humanas,1,76,1
473,31,Pleno,8082.5,Tecnologia,0,40,0
474,104,Gest„o,16513.5,Tecnologia,0,52,1
475,55,Pleno,6929.33,Tecnologia,0,49,0
476,30,Pleno,6882.44,Tecnologia,0,14,0
477,29,SÍnior,10510.91,Humanas,0,6,0
478,18,Jķnior,3797.31,Exatas,1,39,0
479,65,SÍnior,10076.87,Humanas,1,27,0
480,12,Pleno,7003.82,Biolůgicas,1,31,0
481,62,Pleno,7367.85,Exatas,0,98,1
482,41,Jķnior,3121.91,Humanas,0,14,0
483,50,Pleno,5904.9,Tecnologia,0,99,1
484,25,SÍnior,9787.52,Exatas,0,84,0
485,70,Pleno,7957.96,Humanas,0,69,1
486,13,Jķnior,2984.34,Tecnologia,0,64,0
487,115,Pleno,6301.26,Exatas,0,3,0
488,21,Jķnior,3800.16,Tecnologia,1,10,0
489,19,Jķnior,3782.21,Exatas,0,25,0
490,81,SÍnior,11746.56,Biolůgicas,0,60,0
491,92,SÍnior,10620.67,Biolůgicas,0,36,1
492,20,Jķnior,2361.33,Humanas,0,22,0
493,97,SÍnior,9686.33,Humanas,1,92,1
494,103,Pleno,5920.74,Exatas,0,84,1
495,71,SÍnior,10048.15,Exatas,0,90,1
496,37,Pleno,6196.38,Tecnologia,0,39,0
497,92,Gest„o,17307.58,Exatas,0,76,1
498,68,Pleno,6122.72,Exatas,0,22,0
499,91,SÍnior,10622.35,Biolůgicas,1,15,0
500,56,Pleno,6483.6,Exatas,1,93,1
501,30,SÍnior,10594.38,Exatas,1,60,1
502,63,Gest„o,15932.61,Exatas,0,67,1
503,68,SÍnior,11540.87,Humanas,1,79,1
504,67,SÍnior,11884.75,Humanas,0,30,0
505,27,SÍnior,12003.21,Tecnologia,0,52,0
506,63,Pleno,8556.85,Exatas,1,24,0
507,63,Pleno,7069.36,Biolůgicas,0,43,0
508,91,SÍnior,13234.48,Exatas,0,11,0
509,54,Jķnior,2723.52,Tecnologia,1,89,0
510,57,SÍnior,13091.28,Humanas,0,100,1
511,47,Pleno,6119.62,Biolůgicas,0,96,1
512,75,SÍnior,10717.98,Tecnologia,0,91,1
513,20,Jķnior,3380.13,Humanas,1,8,0
514,59,SÍnior,10781.38,Biolůgicas,1,11,0
515,112,Gest„o,16085.84,Exatas,1,68,1
516,65,SÍnior,10419.97,Biolůgicas,0,53,0
517,106,Gest„o,16829.96,Humanas,0,53,1
518,102,Gest„o,15447.16,Humanas,0,27,1
519,13,Jķnior,4155.61,Humanas,0,55,0
520,58,Jķnior,5027.72,Tecnologia,0,98,0
521,65,SÍnior,10642.9,Tecnologia,0,68,0
522,113,Gest„o,16794.38,Exatas,0,97,1
523,113,SÍnior,11559.16,Tecnologia,1,97,0
524,10,Pleno,8752.89,Exatas,0,76,1
525,108,Pleno,5995.17,Biolůgicas,0,57,1
526,73,Pleno,7295.07,Biolůgicas,0,77,1
527,11,Jķnior,2000.0,Humanas,1,74,0
528,114,Pleno,6004.14,Biolůgicas,1,41,1
529,101,Gest„o,16353.39,Humanas,1,37,1
530,99,Gest„o,17393.16,Exatas,1,67,1
531,52,SÍnior,9774.07,Tecnologia,0,52,0
532,104,SÍnior,11786.09,Exatas,0,32,1
533,60,SÍnior,10936.78,Humanas,0,70,0
534,45,Pleno,4978.47,Exatas,0,55,0
535,57,Pleno,6681.59,Humanas,0,71,0
536,21,Jķnior,5209.16,Tecnologia,0,100,0
537,18,Jķnior,2379.58,Humanas,1,50,0
538,119,SÍnior,10890.06,Biolůgicas,1,73,1
539,111,SÍnior,10013.36,Humanas,1,42,1
540,35,SÍnior,10531.42,Biolůgicas,1,14,0
541,24,SÍnior,12432.17,Biolůgicas,1,37,0
542,22,Jķnior,3228.48,Biolůgicas,0,14,0
543,68,SÍnior,12401.57,Biolůgicas,0,4,1
544,24,Pleno,7609.05,Biolůgicas,1,92,1
545,97,Pleno,6137.26,Humanas,1,82,0
546,63,Gest„o,15497.4,Tecnologia,0,53,1
547,60,Gest„o,15104.0,Exatas,1,50,0
548,95,SÍnior,10069.12,Exatas,0,9,0
549,106,SÍnior,11353.21,Tecnologia,0,11,0
550,95,SÍnior,10980.21,Tecnologia,1,3,0
551,67,SÍnior,10376.39,Biolůgicas,0,94,1
552,28,Jķnior,2000.0,Biolůgicas,0,17,0
553,14,Pleno,6606.18,Biolůgicas,0,79,0
554,17,Jķnior,3030.45,Exatas,1,35,0
555,6,Jķnior,3304.7,Tecnologia,0,24,0
556,63,Gest„o,16304.66,Tecnologia,1,86,1
557,6,Jķnior,2000.0,Tecnologia,0,75,0
558,116,SÍnior,9466.73,Tecnologia,0,97,1
559,39,Pleno,8796.44,Tecnologia,1,35,0
560,101,Pleno,5993.39,Biolůgicas,0,100,1
561,53,Pleno,3982.57,Humanas,1,66,0
562,94,Pleno,5050.06,Tecnologia,0,8,0
563,109,SÍnior,13484.47,Tecnologia,1,60,1
564,114,Gest„o,15297.0,Exatas,0,52,1
565,6,Jķnior,4659.02,Tecnologia,0,17,0
566,21,Pleno,6621.12,Biolůgicas,0,42,0
567,66,Gest„o,15515.03,Exatas,0,34,0
568,108,Pleno,7275.45,Exatas,1,62,1
569,69,Gest„o,13615.64,Tecnologia,0,97,1
570,68,SÍnior,9558.87,Tecnologia,0,77,0
571,74,Gest„o,15507.65,Humanas,0,3,1
572,27,Pleno,5157.1,Humanas,0,92,0
573,98,SÍnior,10419.22,Humanas,1,40,0
574,72,SÍnior,11853.71,Tecnologia,0,44,0
575,81,Gest„o,16132.14,Exatas,1,49,1
576,31,Pleno,7830.62,Exatas,1,78,0
577,21,Jķnior,3695.38,Biolůgicas,1,27,0
578,56,SÍnior,11992.46,Tecnologia,0,41,1
579,106,SÍnior,10935.93,Tecnologia,1,79,1
580,91,Pleno,5909.72,Humanas,1,75,0
581,62,Pleno,7980.57,Humanas,1,68,0
582,34,Pleno,5790.65,Exatas,0,97,0
583,83,SÍnior,11343.84,Exatas,1,0,0
584,97,Gest„o,16768.9,Exatas,1,38,1
585,74,Pleno,7341.49,Biolůgicas,1,95,1
586,52,Pleno,5334.56,Exatas,0,89,0
587,118,Pleno,7551.95,Biolůgicas,0,16,0
588,99,Gest„o,15021.04,Exatas,1,90,1
589,115,Gest„o,16810.7,Biolůgicas,0,87,1
590,67,SÍnior,11535.17,Biolůgicas,1,34,0
591,74,Gest„o,16818.63,Tecnologia,0,45,1
592,81,Pleno,5295.0,Biolůgicas,0,41,1
593,21,Pleno,7087.93,Tecnologia,0,38,0
594,95,SÍnior,12085.59,Biolůgicas,0,89,1
595,95,Gest„o,16193.4,Humanas,1,48,1
596,53,Jķnior,2681.38,Tecnologia,1,61,0
597,90,SÍnior,11919.75,Humanas,1,37,1
598,44,Pleno,6613.92,Biolůgicas,0,22,0
599,105,SÍnior,9325.56,Tecnologia,1,21,0
600,38,Jķnior,2603.81,Exatas,1,3,0
601,99,Pleno,5973.71,Humanas,0,48,0
602,106,SÍnior,12505.82,Biolůgicas,0,58,1
603,28,Pleno,7830.18,Exatas,1,72,1
604,15,Jķnior,4826.97,Tecnologia,1,67,0
605,74,SÍnior,11232.36,Tecnologia,1,70,1
606,105,Pleno,7413.59,Exatas,0,86,1
607,39,SÍnior,9859.22,Exatas,1,1,0
608,57,Jķnior,3506.8,Biolůgicas,0,48,0
609,100,SÍnior,11451.63,Tecnologia,0,87,1
610,15,Jķnior,2425.1,Humanas,0,94,0
611,24,Pleno,6709.91,Tecnologia,0,30,0
612,63,Gest„o,17686.64,Tecnologia,0,39,0
613,101,SÍnior,11558.77,Exatas,0,47,1
614,6,Jķnior,4417.55,Exatas,1,50,0
615,74,Gest„o,13547.59,Humanas,1,42,1
616,114,Gest„o,17557.97,Biolůgicas,0,97,1
617,9,Jķnior,3313.88,Humanas,1,54,0
618,21,Jķnior,2731.31,Biolůgicas,0,87,0
619,29,SÍnior,10825.36,Biolůgicas,0,48,0
620,85,Pleno,5014.98,Exatas,1,89,0
621,7,Jķnior,4547.94,Biolůgicas,0,79,0
622,118,Gest„o,15664.6,Humanas,0,56,1
623,97,SÍnior,10261.37,Tecnologia,0,76,1
624,37,Jķnior,3331.94,Humanas,0,14,0
625,96,Pleno,7618.02,Tecnologia,1,26,0
626,89,Gest„o,16131.46,Exatas,0,67,1
627,29,SÍnior,9590.31,Humanas,0,79,0
628,17,Jķnior,3964.98,Tecnologia,0,63,0
629,55,Pleno,5571.02,Tecnologia,1,93,0
630,40,Pleno,4343.9,Biolůgicas,0,29,0
631,38,Pleno,7996.01,Humanas,1,35,0
632,38,Pleno,6957.23,Tecnologia,0,66,0
633,66,Pleno,6421.73,Humanas,0,85,0
634,56,SÍnior,10654.39,Exatas,0,85,0
635,48,Pleno,7897.08,Exatas,0,48,0
636,106,Gest„o,19087.16,Biolůgicas,0,75,1
637,17,Jķnior,3948.78,Humanas,0,54,0
638,72,Pleno,5470.37,Tecnologia,1,84,0
639,70,Pleno,6345.53,Biolůgicas,0,55,0
640,38,Pleno,6930.57,Biolůgicas,1,67,0
641,45,SÍnior,8650.47,Tecnologia,0,94,0
642,79,Pleno,6834.5,Tecnologia,0,43,1
643,48,SÍnior,11436.43,Tecnologia,0,30,1
644,49,Pleno,7826.34,Humanas,1,57,0
645,34,SÍnior,12222.12,Humanas,0,86,0
646,18,Jķnior,3611.17,Humanas,0,52,0
647,17,Pleno,8014.64,Biolůgicas,0,83,0
648,100,Gest„o,18035.68,Humanas,0,78,1
649,51,Pleno,6527.95,Tecnologia,0,22,0
650,7,Jķnior,3918.19,Tecnologia,0,27,0
651,119,Gest„o,14232.7,Exatas,0,15,1
652,40,SÍnior,9549.03,Tecnologia,0,36,0
653,92,Pleno,5661.8,Humanas,1,20,0
654,86,Gest„o,15556.38,Biolůgicas,0,78,1
655,95,Gest„o,14903.88,Tecnologia,0,16,1
656,13,Pleno,6464.0,Exatas,0,36,0
657,98,Gest„o,15586.29,Humanas,1,76,1
658,31,Pleno,7570.9,Exatas,0,18,0
659,79,SÍnior,10525.23,Tecnologia,0,29,0
660,95,SÍnior,8713.28,Exatas,0,44,1
661,39,Pleno,6625.75,Tecnologia,0,17,0
662,110,Gest„o,15985.8,Biolůgicas,0,77,1
663,12,Jķnior,2637.95,Tecnologia,1,61,0
664,73,SÍnior,11095.0,Exatas,1,35,1
665,63,Gest„o,14924.74,Exatas,1,99,1
666,119,Gest„o,16329.84,Biolůgicas,0,83,1
667,114,SÍnior,13632.92,Tecnologia,0,51,1
668,80,SÍnior,9194.39,Tecnologia,0,18,0
669,34,Pleno,5983.76,Tecnologia,0,43,0
670,41,Jķnior,2823.49,Tecnologia,0,6,0
671,94,SÍnior,10566.74,Tecnologia,1,43,1
672,26,Jķnior,4519.92,Humanas,0,67,0
673,41,Jķnior,4042.83,Tecnologia,0,33,0
674,15,Jķnior,4348.77,Tecnologia,0,65,0
675,106,SÍnior,11030.5,Biolůgicas,0,68,0
676,78,Pleno,5177.9,Tecnologia,0,54,0
677,29,Pleno,5385.31,Tecnologia,1,9,0
678,69,SÍnior,11746.26,Tecnologia,0,95,1
679,104,Gest„o,16170.83,Biolůgicas,1,41,1
680,54,SÍnior,12260.21,Tecnologia,1,40,0
681,104,Pleno,6793.26,Biolůgicas,1,76,1
682,117,SÍnior,9816.99,Humanas,0,68,1
683,41,Jķnior,2978.1,Tecnologia,0,9,0
684,87,SÍnior,11564.81,Biolůgicas,0,9,0
685,118,SÍnior,11710.33,Tecnologia,1,90,1
686,108,SÍnior,11855.11,Tecnologia,0,59,1
687,101,SÍnior,9951.48,Biolůgicas,1,50,1
688,29,Pleno,5298.97,Humanas,0,20,0
689,28,Jķnior,3310.2,Humanas,0,7,0
690,67,SÍnior,12440.07,Tecnologia,0,64,1
691,101,SÍnior,10306.13,Exatas,0,91,1
692,42,Pleno,6954.97,Humanas,0,77,0
693,17,Jķnior,3955.06,Tecnologia,1,84,0
694,118,Gest„o,16760.77,Tecnologia,1,29,1
695,60,Pleno,8164.44,Tecnologia,1,84,0
696,18,Jķnior,5061.91,Tecnologia,1,48,0
697,28,Pleno,5905.39,Biolůgicas,1,8,0
698,94,SÍnior,8902.1,Exatas,0,16,0
699,104,Gest„o,15321.47,Biolůgicas,1,68,1
700,110,Gest„o,16075.67,Tecnologia,0,57,1
701,35,Pleno,6138.35,Humanas,0,56,0
702,22,Jķnior,5467.9,Tecnologia,1,61,0
703,118,Gest„o,16018.78,Tecnologia,0,94,1
704,67,Gest„o,16653.71,Tecnologia,0,51,1
705,89,Gest„o,16217.21,Tecnologia,0,60,1
706,117,Gest„o,15653.37,Exatas,0,39,1
707,94,Pleno,4575.19,Biolůgicas,1,37,0
708,91,Pleno,6421.38,Humanas,0,42,1
709,18,Jķnior,6754.65,Tecnologia,0,62,1
710,64,Pleno,5255.54,Tecnologia,0,18,0
711,24,Pleno,4685.13,Tecnologia,0,99,1
712,54,Pleno,8436.39,Exatas,1,49,0
713,105,SÍnior,11742.08,Humanas,0,32,1
714,17,Jķnior,3687.42,Biolůgicas,0,12,0
715,66,Gest„o,17362.67,Tecnologia,1,77,1
716,110,Pleno,5668.5,Exatas,1,96,1
717,24,Pleno,6393.41,Exatas,1,61,0
718,81,Gest„o,16955.15,Humanas,1,92,1
719,14,Jķnior,5610.35,Exatas,0,42,0
720,76,Gest„o,14831.46,Humanas,0,48,1
721,33,Pleno,7780.73,Humanas,0,35,0
722,83,SÍnior,11381.84,Tecnologia,1,9,0
723,100,Gest„o,16163.06,Humanas,0,94,1
724,57,Pleno,6492.27,Tecnologia,0,5,0
725,88,SÍnior,9615.35,Humanas,0,56,1
726,116,Gest„o,16963.09,Exatas,0,0,1
727,21,Jķnior,2717.73,Exatas,0,70,0
728,74,SÍnior,9920.31,Biolůgicas,1,57,0
729,104,Gest„o,16885.46,Biolůgicas,0,90,1
730,17,Jķnior,4289.13,Biolůgicas,1,20,0
731,30,SÍnior,11079.0,Exatas,1,91,1
732,57,Pleno,7579.54,Humanas,0,79,0
733,90,SÍnior,12425.94,Exatas,0,55,1
734,105,SÍnior,12308.22,Biolůgicas,0,86,1
735,58,Pleno,5971.72,Exatas,0,19,0
736,28,SÍnior,12014.1,Biolůgicas,1,53,0
737,21,Pleno,6711.64,Biolůgicas,0,24,0
738,62,SÍnior,12725.91,Humanas,0,27,0
739,44,Pleno,6376.27,Tecnologia,0,4,0
740,114,SÍnior,10643.53,Tecnologia,1,20,1
741,58,Pleno,5886.2,Biolůgicas,1,17,0
742,47,Pleno,6689.29,Tecnologia,1,46,0
743,63,SÍnior,11466.73,Biolůgicas,1,69,0
744,44,Pleno,6985.96,Exatas,0,56,0
745,19,Jķnior,3849.17,Exatas,1,92,0
746,100,SÍnior,11671.04,Biolůgicas,0,18,0
747,10,Jķnior,3277.46,Humanas,1,96,0
748,40,Jķnior,2627.48,Exatas,1,64,0
749,92,SÍnior,10040.17,Exatas,0,2,0
750,98,Gest„o,16975.05,Tecnologia,1,41,1
751,112,SÍnior,11470.32,Humanas,1,20,1
752,80,SÍnior,9144.16,Tecnologia,0,98,1
753,23,Jķnior,4596.75,Biolůgicas,1,39,0
754,116,SÍnior,12880.44,Biolůgicas,0,66,1
755,81,SÍnior,10284.08,Tecnologia,0,24,0
756,14,Jķnior,3836.16,Humanas,0,54,0
757,79,Gest„o,15526.54,Exatas,0,83,1
758,63,Gest„o,16628.31,Tecnologia,1,51,1
759,113,SÍnior,9833.99,Biolůgicas,1,43,1
760,22,Jķnior,3428.55,Tecnologia,1,97,0
761,107,Pleno,7481.31,Tecnologia,0,84,1
762,12,Jķnior,4735.71,Exatas,1,55,0
763,51,Pleno,6926.5,Exatas,0,54,0
764,18,Jķnior,3160.95,Exatas,1,86,0
765,45,Pleno,4907.4,Humanas,0,69,0
766,47,Pleno,5742.45,Humanas,0,76,1
767,14,Jķnior,3030.73,Humanas,1,86,0
768,55,Pleno,5802.27,Tecnologia,0,72,0
769,32,Pleno,6559.55,Tecnologia,0,80,0
770,71,SÍnior,10658.11,Tecnologia,0,65,0
771,10,Jķnior,3672.12,Tecnologia,0,18,0
772,34,SÍnior,12202.63,Exatas,0,82,1
773,42,Jķnior,3093.54,Tecnologia,0,6,0
774,43,SÍnior,9617.13,Tecnologia,0,62,0
775,88,SÍnior,10298.29,Tecnologia,0,41,1
776,13,Pleno,7083.59,Biolůgicas,1,41,0
777,117,SÍnior,11677.94,Biolůgicas,0,58,1
778,114,Gest„o,16406.09,Humanas,1,19,1
779,70,Gest„o,17300.74,Biolůgicas,1,72,1
780,91,SÍnior,10813.64,Humanas,0,16,0
781,22,Jķnior,5552.17,Exatas,1,26,0
782,76,SÍnior,11818.19,Tecnologia,1,46,1
783,94,SÍnior,8476.51,Humanas,1,1,0
784,50,Jķnior,5300.66,Humanas,0,62,1
785,9,Jķnior,2733.01,Humanas,0,61,0
786,41,Pleno,5465.9,Humanas,1,99,0
787,75,SÍnior,11523.77,Exatas,1,18,0
788,36,Pleno,4761.82,Humanas,1,16,0
789,24,Pleno,5804.53,Biolůgicas,0,68,0
790,66,Gest„o,17557.1,Tecnologia,1,38,1
791,113,SÍnior,11556.22,Humanas,1,81,1
792,59,Pleno,7312.24,Exatas,0,70,1
793,44,Pleno,5843.09,Humanas,0,80,0
794,96,SÍnior,9461.63,Humanas,0,38,0
795,79,Gest„o,16706.82,Tecnologia,1,35,1
796,95,SÍnior,11930.26,Humanas,1,39,1
797,24,Pleno,7384.99,Tecnologia,1,44,0
798,44,Pleno,6709.07,Humanas,0,3,0
799,72,SÍnior,10032.93,Exatas,0,24,0
800,50,Pleno,8937.77,Humanas,0,68,0
801,18,Jķnior,3979.79,Tecnologia,0,29,0
802,119,SÍnior,10826.11,Humanas,1,75,1
803,97,SÍnior,10830.55,Tecnologia,1,67,1
804,63,Pleno,6649.6,Biolůgicas,1,87,1
805,25,Pleno,7569.61,Biolůgicas,1,28,0
806,97,Pleno,6689.63,Biolůgicas,0,72,1
807,77,SÍnior,11858.51,Humanas,0,67,0
808,66,SÍnior,11151.4,Humanas,1,50,0
809,110,SÍnior,10887.65,Tecnologia,1,23,1
810,44,Pleno,7141.25,Tecnologia,0,13,0
811,6,Jķnior,4103.29,Exatas,0,68,0
812,8,Jķnior,3330.37,Humanas,0,17,0
813,82,SÍnior,10250.79,Biolůgicas,1,41,0
814,97,SÍnior,11341.73,Tecnologia,0,56,1
815,67,Gest„o,16078.35,Biolůgicas,0,82,1
816,68,Pleno,5945.13,Humanas,0,11,0
817,118,SÍnior,10157.6,Humanas,0,81,1
818,30,Pleno,6910.48,Tecnologia,1,16,0
819,61,SÍnior,11550.1,Tecnologia,0,29,0
820,38,Pleno,6139.97,Exatas,1,87,0
821,43,Pleno,5920.06,Humanas,1,74,0
822,11,Pleno,5669.74,Tecnologia,1,98,0
823,63,SÍnior,11382.25,Exatas,0,22,1
824,49,Pleno,5696.02,Biolůgicas,1,80,0
825,50,Pleno,8741.13,Biolůgicas,0,0,0
826,37,Pleno,6089.72,Biolůgicas,1,78,0
827,50,Jķnior,2000.0,Tecnologia,1,31,0
828,66,SÍnior,10969.83,Tecnologia,0,8,0
829,52,Pleno,6426.97,Humanas,0,14,0
830,26,SÍnior,12111.72,Exatas,0,27,1
831,85,SÍnior,11288.13,Tecnologia,0,23,0
832,90,SÍnior,10166.16,Tecnologia,0,59,0
833,80,SÍnior,10713.61,Exatas,0,34,0
834,106,SÍnior,11327.42,Tecnologia,0,85,0
835,41,Pleno,4335.29,Tecnologia,0,26,0
836,104,SÍnior,12338.62,Tecnologia,0,82,1
837,24,Pleno,5668.83,Tecnologia,0,75,0
838,25,Pleno,7917.04,Humanas,0,19,0
839,62,SÍnior,11392.47,Exatas,0,64,0
840,23,Pleno,7129.59,Humanas,0,84,0
841,52,Pleno,7649.42,Tecnologia,0,48,0
842,110,SÍnior,11573.13,Tecnologia,1,0,0
843,54,Jķnior,4172.89,Humanas,0,9,0
844,19,Pleno,6335.58,Exatas,0,46,0
845,20,Jķnior,3872.17,Exatas,0,58,0
846,36,Pleno,5912.5,Tecnologia,1,95,0
847,6,Jķnior,3156.59,Biolůgicas,1,61,0
848,59,Pleno,8464.7,Tecnologia,1,85,1
849,8,Jķnior,2691.81,Exatas,1,17,0
850,21,Jķnior,3654.32,Humanas,0,45,0
851,92,Pleno,6613.47,Exatas,0,31,0
852,62,Pleno,6189.25,Tecnologia,0,26,0
853,80,SÍnior,11514.4,Exatas,1,91,1
854,17,Jķnior,4089.72,Humanas,1,17,0
855,79,SÍnior,10074.18,Tecnologia,1,38,0
856,101,SÍnior,11101.36,Tecnologia,0,48,1
857,21,Jķnior,2417.63,Tecnologia,1,92,0
858,77,Pleno,7288.55,Biolůgicas,0,81,0
859,107,SÍnior,11176.49,Tecnologia,0,43,1
860,81,Gest„o,16082.33,Biolůgicas,0,71,1
861,29,Pleno,7159.03,Exatas,0,53,0
862,33,Pleno,6224.49,Biolůgicas,0,94,1
863,13,Jķnior,4414.02,Biolůgicas,1,33,0
864,97,SÍnior,10051.56,Exatas,0,70,1
865,41,Pleno,7911.88,Tecnologia,0,35,0
866,95,Pleno,5949.09,Tecnologia,0,17,0
867,13,Jķnior,2000.0,Tecnologia,0,37,0
868,63,Pleno,6171.47,Humanas,1,58,0
869,65,Gest„o,15558.03,Tecnologia,1,8,1
870,55,Pleno,6163.93,Tecnologia,1,72,0
871,33,Jķnior,3731.65,Exatas,1,71,0
872,97,Pleno,7597.84,Biolůgicas,1,50,1
873,106,Gest„o,15808.29,Tecnologia,0,34,1
874,46,Jķnior,2808.38,Tecnologia,1,81,0
875,105,SÍnior,9873.45,Tecnologia,0,4,0
876,69,Gest„o,15531.82,Biolůgicas,0,13,1
877,32,Pleno,4612.18,Humanas,0,91,1
878,68,SÍnior,10274.87,Tecnologia,1,29,0
879,22,Pleno,7744.05,Tecnologia,1,3,0
880,78,SÍnior,10176.64,Tecnologia,0,38,0
881,38,Jķnior,4128.72,Tecnologia,1,83,0
882,89,SÍnior,9773.52,Biolůgicas,1,63,1
883,82,Gest„o,17771.1,Humanas,0,24,1
884,97,Gest„o,17837.61,Exatas,0,27,1
885,117,Gest„o,16591.02,Biolůgicas,1,75,1
886,34,Jķnior,5491.25,Tecnologia,0,65,0
887,18,Jķnior,3855.79,Humanas,1,77,0
888,51,SÍnior,11768.52,Biolůgicas,0,21,0
889,40,Pleno,7761.93,Tecnologia,0,30,0
890,11,Pleno,6679.72,Humanas,1,22,0
891,87,Gest„o,14447.62,Tecnologia,1,47,1
892,74,SÍnior,11788.96,Tecnologia,1,19,0
893,52,Pleno,6028.14,Tecnologia,1,37,0
894,30,Pleno,6102.47,Exatas,1,54,0
895,71,Pleno,6797.89,Humanas,1,67,0
896,15,Jķnior,4066.28,Biolůgicas,0,78,0
897,61,SÍnior,11150.13,Humanas,0,87,1
898,35,SÍnior,11635.73,Biolůgicas,0,88,0
899,119,Gest„o,15293.14,Biolůgicas,1,0,1
900,114,Gest„o,15957.3,Tecnologia,0,6,1
901,10,Jķnior,4349.09,Exatas,0,56,0
902,38,Pleno,8272.79,Tecnologia,0,94,1
903,70,Pleno,8626.44,Humanas,1,11,1
904,23,Jķnior,3932.98,Biolůgicas,1,4,0
905,101,Gest„o,16840.01,Tecnologia,0,49,1
906,116,Gest„o,17981.58,Humanas,1,41,1
907,54,Pleno,5829.16,Humanas,0,11,0
908,16,Pleno,7129.7,Exatas,0,17,0
909,90,Gest„o,16768.34,Tecnologia,1,65,1
910,31,Pleno,7947.86,Tecnologia,0,73,1
911,68,Gest„o,14862.86,Tecnologia,1,78,1
912,94,SÍnior,10060.59,Tecnologia,0,93,1
913,91,SÍnior,11021.38,Tecnologia,0,16,0
914,64,SÍnior,11377.73,Exatas,1,67,0
915,32,Pleno,7622.86,Tecnologia,0,70,0
916,54,Pleno,7017.54,Biolůgicas,1,61,0
917,82,SÍnior,10848.59,Exatas,1,40,1
918,38,Pleno,6916.46,Humanas,0,94,0
919,103,SÍnior,11301.04,Exatas,0,33,0
920,110,SÍnior,12745.02,Exatas,0,69,1
921,104,SÍnior,11165.66,Biolůgicas,0,44,1
922,6,Jķnior,3116.92,Tecnologia,0,57,0
923,26,Pleno,6949.61,Tecnologia,0,50,0
924,117,Pleno,6698.49,Humanas,0,33,0
925,60,SÍnior,9429.01,Tecnologia,0,43,0
926,11,Jķnior,3484.35,Tecnologia,1,14,0
927,97,SÍnior,10899.26,Tecnologia,1,77,1
928,86,Gest„o,15456.13,Tecnologia,1,69,1
929,74,SÍnior,12035.58,Exatas,0,49,0
930,100,SÍnior,10214.32,Tecnologia,1,100,1
931,10,Pleno,6955.62,Biolůgicas,0,31,0
932,107,Gest„o,15852.14,Humanas,1,66,1
933,8,Pleno,6607.7,Humanas,1,2,0
934,58,SÍnior,11411.79,Humanas,0,85,1
935,28,Jķnior,2192.43,Biolůgicas,1,85,0
936,106,Pleno,6691.66,Tecnologia,1,73,1
937,58,Pleno,8788.95,Biolůgicas,1,50,1
938,42,Pleno,4943.24,Humanas,1,66,0
939,79,SÍnior,10942.39,Humanas,0,75,1
940,79,SÍnior,12123.24,Exatas,0,92,1
941,88,SÍnior,11301.62,Tecnologia,0,47,0
942,22,Jķnior,4187.97,Exatas,1,16,0
943,90,Gest„o,13624.33,Humanas,0,6,1
944,83,SÍnior,11598.25,Tecnologia,1,12,1
945,78,Gest„o,15238.31,Humanas,0,65,1
946,115,SÍnior,11309.88,Tecnologia,0,3,1
947,6,Pleno,6470.57,Tecnologia,0,9,0
948,56,Jķnior,5778.33,Tecnologia,1,87,1
949,50,SÍnior,11546.7,Tecnologia,0,16,0
950,82,SÍnior,10887.38,Exatas,0,51,0
951,9,Jķnior,2000.0,Tecnologia,0,5,0
952,67,Pleno,6621.15,Biolůgicas,0,82,1
953,70,SÍnior,11823.23,Exatas,0,68,1
954,118,Pleno,6419.45,Tecnologia,1,95,1
955,109,Pleno,5994.34,Humanas,0,73,1
956,37,Pleno,5927.41,Biolůgicas,0,8,0
957,39,Pleno,7035.14,Humanas,1,90,1
958,97,SÍnior,11759.39,Tecnologia,1,76,1
959,100,Gest„o,17361.21,Biolůgicas,1,82,1
960,77,SÍnior,10005.0,Humanas,0,20,1
961,44,Pleno,7025.98,Tecnologia,1,23,0
962,31,Jķnior,3378.3,Tecnologia,1,3,0
963,39,Pleno,6407.77,Exatas,1,23,0
964,59,Pleno,6901.83,Tecnologia,0,58,0
965,8,Pleno,6907.66,Biolůgicas,0,98,0
966,55,SÍnior,11528.77,Tecnologia,1,2,0
967,17,Jķnior,2442.53,Biolůgicas,0,67,0
968,70,Pleno,5750.19,Exatas,0,100,1
969,59,SÍnior,12485.87,Tecnologia,1,39,0
970,113,Gest„o,15779.43,Tecnologia,1,47,1
971,10,Jķnior,3806.01,Exatas,0,53,0
972,99,SÍnior,12054.67,Humanas,1,34,1
973,99,Gest„o,16463.44,Humanas,0,94,1
974,62,Pleno,7046.52,Tecnologia,0,55,0
975,22,Pleno,7394.58,Tecnologia,1,88,1
976,117,SÍnior,8883.34,Tecnologia,0,39,1
977,52,Jķnior,3010.05,Humanas,0,76,0
978,28,SÍnior,11468.61,Tecnologia,1,67,1
979,84,SÍnior,12387.64,Exatas,0,45,1
980,106,SÍnior,11066.1,Humanas,0,77,1
981,90,Pleno,5655.28,Biolůgicas,1,12,0
982,19,Jķnior,2681.91,Tecnologia,1,26,0
983,71,SÍnior,11883.86,Tecnologia,1,5,0
984,80,SÍnior,10782.23,Humanas,1,16,1
985,56,Pleno,6492.8,Humanas,0,35,0
986,108,Gest„o,16615.03,Tecnologia,1,98,1
987,43,Pleno,3598.48,Biolůgicas,0,80,0
988,69,Pleno,8500.37,Biolůgicas,1,1,0
989,103,SÍnior,10268.93,Tecnologia,0,76,0
990,43,SÍnior,11241.94,Tecnologia,1,51,0
991,55,Pleno,4795.3,Exatas,0,65,0
992,103,SÍnior,10577.46,Humanas,0,51,1
993,87,SÍnior,12244.69,Tecnologia,1,91,1
994,35,Pleno,4583.83,Humanas,1,42,0
995,84,Gest„o,17126.2,Humanas,1,89,1
996,96,Gest„o,15726.3,Tecnologia,0,21,1
997,56,Pleno,6987.16,Humanas,0,54,0
998,68,Gest„o,16657.52,Biolůgicas,1,66,1
999,103,Gest„o,16441.42,Tecnologia,1,98,1
1000,57,Jķnior,2635.05,Tecnologia,1,59,0
